-- Insert starter accounts
INSERT INTO account (id, name, email, password) VALUES
(1, 'Serena Lamblin', 'slamblin0@usnews.com', 'primis'),
(2, 'Taffy Tomasi', 'ttomasi1@twitpic.com', 'rhoncus'),
(3, 'Beau Axby', 'baxby2@acquirethisname.com', 'aliquam'),
(4, 'Shandy Cleave', 'scleave3@tinypic.com', 'ut'),
(5, 'Beret Stivens', 'bstivens4@senate.gov', 'morbi'),
(6, 'Robbert Coltan', 'rcoltan5@shareasale.com', 'primis'),
(7, 'Nelly Physic', 'nphysic6@liveinternet.ru', 'proin'),
(8, 'Niles Keddey', 'nkeddey7@netlog.com', 'sit'),
(9, 'Edithe Zecchinelli', 'ezecchinelli8@163.com', 'vitae'),
(10, 'Tiebold Lashley', 'tlashley9@rediff.com', 'donec'),
(11, 'Batsheva Davidzon', 'bdavidzona@unblog.fr', 'porttitor'),
(12, 'Claudell Jepson', 'cjepsonb@youku.com', 'consequat'),
(13, 'Kendrick Waller-Bridge', 'kwallerbridgec@tinypic.com', 'duis'),
(14, 'Clarissa Gulc', 'cgulcd@mozilla.com', 'montes'),
(15, 'Alanna Canny', 'acannye@xinhuanet.com', 'vestibulum'),
(16, 'Clem Conaghan', 'cconaghanf@google.com.au', 'vestibulum'),
(17, 'Griffie Summerscales', 'gsummerscalesg@unc.edu', 'nisi'),
(18, 'Deloris Elcott', 'delcotth@china.com.cn', 'ut'),
(19, 'Malcolm Le Grice', 'mlei@squidoo.com', 'magna'),
(20, 'Brig MacCallion', 'bmaccallionj@so-net.ne.jp', 'consequat'),
(21, 'Harv Hembrow', 'hhembrowk@census.gov', 'tincidunt'),
(22, 'Terese Ahren', 'tahrenl@buzzfeed.com', 'ante'),
(23, 'Byram Kenrat', 'bkenratm@engadget.com', 'ut'),
(24, 'Denis Dearlove', 'ddearloven@icio.us', 'in'),
(25, 'Fair Dawe', 'fdaweo@tripadvisor.com', 'vestibulum'),
(26, 'Raimondo Dawe', 'rdawep@123-reg.co.uk', 'nibh'),
(27, 'Cirilo Bruhnsen', 'cbruhnsenq@cnbc.com', 'mi'),
(28, 'Henrie Ceschi', 'hceschir@nifty.com', 'tellus'),
(29, 'Darby Flageul', 'dflageuls@mayoclinic.com', 'nibh'),
(30, 'Alane Bilney', 'abilneyt@last.fm', 'nec'),
(31, 'Madge Kingstne', 'mkingstneu@a8.net', 'maecenas'),
(32, 'Marion Willimott', 'mwillimottv@creativecommons.org', 'tellus'),
(33, 'Felecia McLelland', 'fmclellandw@narod.ru', 'non'),
(34, 'Kellsie Ferrarin', 'kferrarinx@springer.com', 'quis'),
(35, 'Demetre Hars', 'dharsy@constantcontact.com', 'vestibulum'),
(36, 'Christos Vurley', 'cvurleyz@bravesites.com', 'penatibus'),
(37, 'Mallissa Cookson', 'mcookson10@scribd.com', 'tortor'),
(38, 'Demetrius Dennes', 'ddennes11@tuttocitta.it', 'congue'),
(39, 'Christie Tschirasche', 'ctschirasche12@go.com', 'ultrices'),
(40, 'Nichol Paulig', 'npaulig13@tripod.com', 'nisl'),
(41, 'Rocky Gibbons', 'rgibbons14@amazon.co.jp', 'pharetra'),
(42, 'Andeee Matuskiewicz', 'amatuskiewicz15@archive.org', 'bibendum'),
(43, 'Way Kitching', 'wkitching16@nih.gov', 'sed'),
(44, 'Neile O''Corren', 'nocorren17@netlog.com', 'molestie'),
(45, 'Morton Bachs', 'mbachs18@creativecommons.org', 'quis'),
(46, 'Rennie Cowthard', 'rcowthard19@nature.com', 'ut'),
(47, 'Huntlee Moar', 'hmoar1a@bizjournals.com', 'in'),
(48, 'Waldemar Redihough', 'wredihough1b@paypal.com', 'sapien'),
(49, 'Sapphira Shewsmith', 'sshewsmith1c@virginia.edu', 'eget'),
(50, 'Ode Valerio', 'ovalerio1d@quantcast.com', 'quis'),
(51, 'Molly Member', 'molly@books.com', 'mollymember'),
(52, 'Anna Admin', 'anna@books.com', 'annaadmin');


-- Insert sample pins
INSERT INTO pin (id, creatorID, latitude, longitude, description, image, likes) VALUES
(1, 38, 37.3387, -121.8853, 'Welcome to Beacon!', 'https://images.unsplash.com/photo-1516192518150-0d8fee5425e3', 35),
(2, 44, 37.5485, -121.9883, 'Check this out', 'https://images.unsplash.com/photo-1518791841217-8f162f1e1131', 98),
(3, 41, 36.9905, -122.0584, 'Admin announcement', 'https://images.unsplash.com/photo-1558618666-fcd25c85cd64', 66),
(4, 33, 37.0483, -122.0168, 'New feature coming', 'https://images.unsplash.com/photo-1533738363-b7f9aef128ce', 59),
(5, 23, 37.7749, -122.4194, 'San Francisco vibes', 'https://images.unsplash.com/photo-1501594907352-04cda38ebc29', 77),
(6, 10, 37.8044, -122.2712, 'Oakland scenery', 'https://images.unsplash.com/photo-1506905925346-21bda4d32df4', 33),
(7, 8, 37.8716, -122.2727, 'Berkeley campus', 'https://images.unsplash.com/photo-1562774053-701939374585', 31),
(8, 42, 37.4419, -122.1430, 'Palo Alto tech hub', 'https://images.unsplash.com/photo-1497366216548-37526070297c', 68),
(9, 12, 37.3861, -122.0839, 'Mountain View sunset', 'https://images.unsplash.com/photo-1507003211169-0a1dd7228f2d', 99),
(10, 19, 37.5630, -122.3255, 'San Mateo bridge view', 'https://images.unsplash.com/photo-1449824913935-59a10b8d2000', 98),
(11, 45, 37.6879, -122.4702, 'Daly City fog', 'https://images.unsplash.com/photo-1534430480872-3498386e7856', 90),
(12, 26, 37.9577, -122.3470, 'Richmond waterfront', 'https://images.unsplash.com/photo-1518623489648-a173ef7824f3', 59),
(13, 38, 38.5816, -121.4944, 'Sacramento capital', 'https://images.unsplash.com/photo-1555992336-fb0d29498b13', 92),
(14, 21, 38.4404, -122.7141, 'Santa Rosa wine country', 'https://images.unsplash.com/photo-1506377247377-2a5b3b417ebb', 20),
(15, 4, 38.2919, -122.4580, 'Napa Valley vineyards', 'https://images.unsplash.com/photo-1510812431401-41d2bd2722f3', 13),
(16, 48, 36.9741, -122.0308, 'Santa Cruz beach', 'https://images.unsplash.com/photo-1507525428034-b723cf961d3e', 7),
(17, 48, 36.6002, -121.8947, 'Monterey Bay', 'https://images.unsplash.com/photo-1519046904884-53103b34b206', 6),
(18, 5, 36.2108, -121.7596, 'Big Sur coastline', 'https://images.unsplash.com/photo-1414609245224-afa02bfb3fda', 85),
(19, 52, 35.2828, -120.6596, 'San Luis Obispo', 'https://images.unsplash.com/photo-1469474968028-56623f02e42e', 84),
(20, 49, 34.4208, -119.6982, 'Santa Barbara pier', 'https://images.unsplash.com/photo-1511316695145-4992006ffddb', 20),
(21, 49, 34.0522, -118.2437, 'Downtown LA', 'https://images.unsplash.com/photo-1534190760961-74e8c1c5c3da', 59),
(22, 5, 34.0195, -118.4912, 'Santa Monica beach', 'https://images.unsplash.com/photo-1506929562872-bb421503ef21', 10),
(23, 8, 34.1478, -118.1445, 'Pasadena Rose Bowl', 'https://images.unsplash.com/photo-1471295253337-3ceaaedca402', 4),
(24, 22, 33.9425, -118.4081, 'Venice boardwalk', 'https://images.unsplash.com/photo-1534190760961-74e8c1c5c3da', 62),
(25, 32, 33.8121, -117.9190, 'Anaheim Disneyland', 'https://images.unsplash.com/photo-1568515387631-8b650bbcdb90', 62),
(26, 43, 32.7157, -117.1611, 'San Diego downtown', 'https://images.unsplash.com/photo-1538097304804-2a1b932466a9', 25),
(27, 45, 32.8328, -117.2713, 'La Jolla cove', 'https://images.unsplash.com/photo-1506953823976-52e1fdc0149a', 1),
(28, 2, 33.1581, -117.3506, 'Carlsbad flowers', 'https://images.unsplash.com/photo-1490750967868-88aa4486c946', 4),
(29, 29, 33.4484, -117.6323, 'Dana Point harbor', 'https://images.unsplash.com/photo-1500930287596-c1ecaa373bb2', 94),
(30, 14, 33.6846, -117.8265, 'Newport Beach', 'https://images.unsplash.com/photo-1510414842594-a61c69b5ae57', 3),
(31, 47, 33.7701, -118.1937, 'Long Beach Queen Mary', 'https://images.unsplash.com/photo-1544551763-46a013bb70d5', 52),
(32, 19, 34.2804, -118.8783, 'Thousand Oaks hills', 'https://images.unsplash.com/photo-1501785888041-af3ef285b470', 27),
(33, 35, 34.1808, -118.3090, 'Hollywood sign', 'https://images.unsplash.com/photo-1515896769750-31548aa180ed', 94),
(34, 4, 34.0259, -118.7798, 'Malibu sunset', 'https://images.unsplash.com/photo-1518837695005-2083093ee35b', 43),
(35, 46, 34.4266, -117.3027, 'Victorville desert', 'https://images.unsplash.com/photo-1509316785289-025f5b846b35', 43),
(36, 40, 33.8753, -117.5664, 'Riverside downtown', 'https://images.unsplash.com/photo-1477959858617-67f85cf4f1df', 43),
(37, 41, 34.1083, -117.2898, 'San Bernardino mountains', 'https://images.unsplash.com/photo-1464822759023-fed622ff2c3b', 14),
(38, 15, 33.7455, -117.8677, 'Irvine spectrum', 'https://images.unsplash.com/photo-1486406146926-c627a92ad1ab', 47),
(39, 37, 34.5362, -117.2928, 'Apple Valley', 'https://images.unsplash.com/photo-1473580044384-7ba9967e16a0', 27),
(40, 15, 35.3733, -119.0187, 'Bakersfield oil fields', 'https://images.unsplash.com/photo-1518173946687-a4c036bc3e3b', 84),
(41, 22, 36.7378, -119.7871, 'Fresno tower district', 'https://images.unsplash.com/photo-1480714378408-67cf0d13bc1b', 86),
(42, 35, 37.2090, -93.2923, 'Merced farms', 'https://images.unsplash.com/photo-1500382017468-9049fed747ef', 81),
(43, 49, 37.9735, -120.3822, 'Modesto agriculture', 'https://images.unsplash.com/photo-1464226184884-fa280b87c399', 98),
(44, 5, 37.7796, -120.9969, 'Stockton port', 'https://images.unsplash.com/photo-1494412574643-ff11b0a5c1c3', 37),
(45, 1, 38.0194, -122.1341, 'Antioch delta', 'https://images.unsplash.com/photo-1501785888041-af3ef285b470', 41),
(46, 33, 38.1041, -122.2566, 'Vallejo waterfront', 'https://images.unsplash.com/photo-1507003211169-0a1dd7228f2d', 80),
(47, 4, 38.7521, -121.2880, 'Roseville galleria', 'https://images.unsplash.com/photo-1441986300917-64674bd600d8', 98),
(48, 14, 39.5296, -121.5544, 'Chico state', 'https://images.unsplash.com/photo-1541339907198-e08756dedf3f', 36),
(49, 2, 40.5865, -122.3917, 'Redding sundial', 'https://images.unsplash.com/photo-1506905925346-21bda4d32df4', 54),
(50, 2, 41.7558, -124.2026, 'Crescent City redwoods', 'https://images.unsplash.com/photo-1448375240586-882707db888b', 64),
(51, 45, 39.1638, -123.2052, 'Ukiah vineyards', 'https://images.unsplash.com/photo-1506377247377-2a5b3b417ebb', 87),
(52, 12, 40.8021, -124.1637, 'Eureka Victorian', 'https://images.unsplash.com/photo-1518780664697-55e3ad937233', 84),
(53, 24, 34.9530, -120.4357, 'Santa Maria valley', 'https://images.unsplash.com/photo-1500382017468-9049fed747ef', 34),
(54, 41, 35.6131, -120.6903, 'Paso Robles wine', 'https://images.unsplash.com/photo-1510812431401-41d2bd2722f3', 50),
-- San Francisco cluster (55-84)
(55, 42, 37.7751, -122.4180, 'SF Market Street', 'https://images.unsplash.com/photo-1501594907352-04cda38ebc29', 100),
(56, 17, 37.7765, -122.4172, 'SF Union Square', 'https://images.unsplash.com/photo-1521747116042-5a810fda9664', 53),
(57, 16, 37.7742, -122.4211, 'SF Civic Center', 'https://images.unsplash.com/photo-1506905925346-21bda4d32df4', 22),
(58, 41, 37.7786, -122.4143, 'SF Chinatown', 'https://images.unsplash.com/photo-1513635269975-59663e0ac1ad', 58),
(59, 18, 37.7956, -122.3934, 'SF Embarcadero', 'https://images.unsplash.com/photo-1449824913935-59a10b8d2000', 39),
(60, 24, 37.7989, -122.4012, 'SF North Beach', 'https://images.unsplash.com/photo-1534430480872-3498386e7856', 19),
(61, 34, 37.8024, -122.4058, 'SF Fishermans Wharf', 'https://images.unsplash.com/photo-1518623489648-a173ef7824f3', 71),
(62, 44, 37.7694, -122.4862, 'SF Golden Gate Park', 'https://images.unsplash.com/photo-1501785888041-af3ef285b470', 26),
(63, 38, 37.7599, -122.4148, 'SF Mission District', 'https://images.unsplash.com/photo-1477959858617-67f85cf4f1df', 86),
(64, 25, 37.7525, -122.4474, 'SF Twin Peaks', 'https://images.unsplash.com/photo-1506905925346-21bda4d32df4', 1),
(65, 8, 37.7833, -122.4090, 'SF Financial District', 'https://images.unsplash.com/photo-1486406146926-c627a92ad1ab', 27),
(66, 14, 37.7612, -122.4350, 'SF Castro', 'https://images.unsplash.com/photo-1513635269975-59663e0ac1ad', 46),
(67, 1, 37.7879, -122.4074, 'SF Downtown', 'https://images.unsplash.com/photo-1480714378408-67cf0d13bc1b', 20),
(68, 15, 37.7721, -122.4311, 'SF Haight Ashbury', 'https://images.unsplash.com/photo-1518780664697-55e3ad937233', 1),
(69, 17, 37.7654, -122.4194, 'SF Dolores Park', 'https://images.unsplash.com/photo-1501785888041-af3ef285b470', 40),
(70, 38, 37.7908, -122.4025, 'SF Telegraph Hill', 'https://images.unsplash.com/photo-1506905925346-21bda4d32df4', 7),
(71, 22, 37.7845, -122.4089, 'SF Transamerica', 'https://images.unsplash.com/photo-1486406146926-c627a92ad1ab', 84),
(72, 40, 37.7563, -122.4102, 'SF Bernal Heights', 'https://images.unsplash.com/photo-1501785888041-af3ef285b470', 51),
(73, 52, 37.7812, -122.4553, 'SF Richmond District', 'https://images.unsplash.com/photo-1449824913935-59a10b8d2000', 70),
(74, 20, 37.7298, -122.3867, 'SF Bayview', 'https://images.unsplash.com/photo-1494412574643-ff11b0a5c1c3', 78),
(75, 41, 37.7445, -122.4789, 'SF Sunset District', 'https://images.unsplash.com/photo-1518837695005-2083093ee35b', 17),
(76, 47, 37.7701, -122.4658, 'SF Inner Sunset', 'https://images.unsplash.com/photo-1501785888041-af3ef285b470', 83),
(77, 32, 37.7634, -122.4583, 'SF Forest Hill', 'https://images.unsplash.com/photo-1448375240586-882707db888b', 84),
(78, 35, 37.7488, -122.4156, 'SF Glen Park', 'https://images.unsplash.com/photo-1501785888041-af3ef285b470', 90),
(79, 48, 37.7923, -122.3978, 'SF Pier 39', 'https://images.unsplash.com/photo-1544551763-46a013bb70d5', 54),
(80, 31, 37.7768, -122.3950, 'SF South Beach', 'https://images.unsplash.com/photo-1506953823976-52e1fdc0149a', 84),
(81, 38, 37.7855, -122.4095, 'SF Jackson Square', 'https://images.unsplash.com/photo-1513635269975-59663e0ac1ad', 3),
(82, 11, 37.7582, -122.3880, 'SF Potrero Hill', 'https://images.unsplash.com/photo-1477959858617-67f85cf4f1df', 22),
(83, 51, 37.7411, -122.3876, 'SF India Basin', 'https://images.unsplash.com/photo-1494412574643-ff11b0a5c1c3', 42),
(84, 31, 37.7343, -122.5028, 'SF Lake Merced', 'https://images.unsplash.com/photo-1501785888041-af3ef285b470', 59),
-- Los Angeles cluster (85-124)
(85, 2, 34.0525, -118.2450, 'LA Arts District', 'https://images.unsplash.com/photo-1534190760961-74e8c1c5c3da', 79),
(86, 34, 34.0489, -118.2510, 'LA Little Tokyo', 'https://images.unsplash.com/photo-1513635269975-59663e0ac1ad', 72),
(87, 30, 34.0537, -118.2427, 'LA Union Station', 'https://images.unsplash.com/photo-1494412574643-ff11b0a5c1c3', 52),
(88, 17, 34.0407, -118.2468, 'LA Fashion District', 'https://images.unsplash.com/photo-1441986300917-64674bd600d8', 58),
(89, 20, 34.0611, -118.2353, 'LA Chinatown', 'https://images.unsplash.com/photo-1513635269975-59663e0ac1ad', 31),
(90, 20, 34.0736, -118.2400, 'LA Echo Park', 'https://images.unsplash.com/photo-1501785888041-af3ef285b470', 74),
(91, 41, 34.0781, -118.2615, 'LA Silver Lake', 'https://images.unsplash.com/photo-1477959858617-67f85cf4f1df', 56),
(92, 20, 34.0928, -118.2820, 'LA Los Feliz', 'https://images.unsplash.com/photo-1501785888041-af3ef285b470', 32),
(93, 46, 34.1017, -118.3267, 'LA Hollywood Blvd', 'https://images.unsplash.com/photo-1515896769750-31548aa180ed', 56),
(94, 46, 34.1341, -118.3215, 'LA Studio City', 'https://images.unsplash.com/photo-1478720568477-152d9b164e26', 96),
(95, 52, 34.1425, -118.2551, 'LA Glendale', 'https://images.unsplash.com/photo-1449824913935-59a10b8d2000', 78),
(96, 1, 34.1478, -118.1453, 'LA Pasadena Old Town', 'https://images.unsplash.com/photo-1471295253337-3ceaaedca402', 10),
(97, 41, 34.1561, -118.1318, 'LA Pasadena CalTech', 'https://images.unsplash.com/photo-1562774053-701939374585', 80),
(98, 27, 34.0211, -118.3965, 'LA Culver City', 'https://images.unsplash.com/photo-1477959858617-67f85cf4f1df', 31),
(99, 21, 34.0259, -118.4960, 'Santa Monica Pier', 'https://images.unsplash.com/photo-1506929562872-bb421503ef21', 48),
(100, 3, 34.0128, -118.4965, 'Santa Monica 3rd St', 'https://images.unsplash.com/photo-1441986300917-64674bd600d8', 51),
(101, 19, 34.0025, -118.4808, 'Venice Abbot Kinney', 'https://images.unsplash.com/photo-1534190760961-74e8c1c5c3da', 34),
(102, 21, 33.9850, -118.4695, 'Venice Canals', 'https://images.unsplash.com/photo-1501785888041-af3ef285b470', 51),
(103, 33, 33.9561, -118.3956, 'LAX Area', 'https://images.unsplash.com/photo-1436491865332-7a61a109cc05', 96),
(104, 4, 33.9185, -118.4160, 'El Segundo', 'https://images.unsplash.com/photo-1449824913935-59a10b8d2000', 88),
(105, 52, 33.8617, -118.3854, 'Torrance', 'https://images.unsplash.com/photo-1477959858617-67f85cf4f1df', 3),
(106, 48, 33.8358, -118.3406, 'Carson', 'https://images.unsplash.com/photo-1449824913935-59a10b8d2000', 30),
(107, 22, 34.0195, -118.2895, 'LA USC Campus', 'https://images.unsplash.com/photo-1562774053-701939374585', 25),
(108, 51, 34.0689, -118.4452, 'LA Beverly Hills', 'https://images.unsplash.com/photo-1501785888041-af3ef285b470', 48),
(109, 3, 34.0736, -118.4004, 'LA West Hollywood', 'https://images.unsplash.com/photo-1477959858617-67f85cf4f1df', 87),
(110, 51, 34.0901, -118.3617, 'LA Melrose', 'https://images.unsplash.com/photo-1441986300917-64674bd600d8', 13),
(111, 18, 34.0558, -118.3724, 'LA Miracle Mile', 'https://images.unsplash.com/photo-1477959858617-67f85cf4f1df', 28),
(112, 49, 34.0623, -118.3495, 'LA Koreatown', 'https://images.unsplash.com/photo-1513635269975-59663e0ac1ad', 97),
(113, 46, 34.1022, -118.3428, 'LA Thai Town', 'https://images.unsplash.com/photo-1513635269975-59663e0ac1ad', 26),
(114, 14, 34.0837, -118.3440, 'LA Little Armenia', 'https://images.unsplash.com/photo-1513635269975-59663e0ac1ad', 78),
(115, 3, 34.0224, -118.2851, 'LA Exposition Park', 'https://images.unsplash.com/photo-1501785888041-af3ef285b470', 3),
(116, 42, 34.0435, -118.2673, 'LA Boyle Heights', 'https://images.unsplash.com/photo-1477959858617-67f85cf4f1df', 85),
(117, 12, 34.0667, -118.2200, 'LA Lincoln Heights', 'https://images.unsplash.com/photo-1449824913935-59a10b8d2000', 13),
(118, 38, 34.0865, -118.2073, 'LA Highland Park', 'https://images.unsplash.com/photo-1477959858617-67f85cf4f1df', 40),
(119, 20, 34.1139, -118.1514, 'LA Eagle Rock', 'https://images.unsplash.com/photo-1449824913935-59a10b8d2000', 76),
(120, 31, 34.1697, -118.3769, 'LA Sherman Oaks', 'https://images.unsplash.com/photo-1449824913935-59a10b8d2000', 96),
(121, 16, 34.1561, -118.5178, 'LA Encino', 'https://images.unsplash.com/photo-1501785888041-af3ef285b470', 77),
(122, 41, 34.2011, -118.5345, 'LA Tarzana', 'https://images.unsplash.com/photo-1449824913935-59a10b8d2000', 18),
(123, 22, 34.2367, -118.5296, 'LA Woodland Hills', 'https://images.unsplash.com/photo-1501785888041-af3ef285b470', 7),
(124, 28, 34.1866, -118.4468, 'LA Van Nuys', 'https://images.unsplash.com/photo-1449824913935-59a10b8d2000', 50),
-- San Jose / Silicon Valley cluster (125-154)
(125, 33, 37.3382, -121.8863, 'San Jose Downtown', 'https://images.unsplash.com/photo-1486406146926-c627a92ad1ab', 34),
(126, 45, 37.3318, -121.8897, 'San Jose State', 'https://images.unsplash.com/photo-1562774053-701939374585', 79),
(127, 8, 37.3488, -121.8943, 'San Jose Japantown', 'https://images.unsplash.com/photo-1513635269975-59663e0ac1ad', 65),
(128, 49, 37.3230, -121.9133, 'San Jose Santana Row', 'https://images.unsplash.com/photo-1441986300917-64674bd600d8', 89),
(129, 47, 37.3689, -121.9230, 'Santa Clara University', 'https://images.unsplash.com/photo-1562774053-701939374585', 39),
(130, 49, 37.3541, -121.9552, 'Santa Clara', 'https://images.unsplash.com/photo-1449824913935-59a10b8d2000', 89),
(131, 47, 37.3875, -122.0575, 'Sunnyvale', 'https://images.unsplash.com/photo-1497366216548-37526070297c', 4),
(132, 46, 37.3688, -122.0363, 'Cupertino Apple', 'https://images.unsplash.com/photo-1497366216548-37526070297c', 37),
(133, 20, 37.3861, -122.0828, 'Mountain View Downtown', 'https://images.unsplash.com/photo-1507003211169-0a1dd7228f2d', 69),
(134, 32, 37.4220, -122.0841, 'Googleplex', 'https://images.unsplash.com/photo-1497366216548-37526070297c', 1),
(135, 43, 37.4419, -122.1419, 'Palo Alto University', 'https://images.unsplash.com/photo-1562774053-701939374585', 1),
(136, 36, 37.4530, -122.1817, 'Stanford Campus', 'https://images.unsplash.com/photo-1562774053-701939374585', 99),
(137, 51, 37.4848, -122.2281, 'Menlo Park', 'https://images.unsplash.com/photo-1497366216548-37526070297c', 90),
(138, 39, 37.5072, -122.2605, 'Redwood City', 'https://images.unsplash.com/photo-1449824913935-59a10b8d2000', 16),
(139, 41, 37.5585, -122.2711, 'San Carlos', 'https://images.unsplash.com/photo-1449824913935-59a10b8d2000', 43),
(140, 40, 37.5741, -122.3238, 'San Mateo Downtown', 'https://images.unsplash.com/photo-1449824913935-59a10b8d2000', 66),
(141, 36, 37.5519, -122.3126, 'Foster City', 'https://images.unsplash.com/photo-1449824913935-59a10b8d2000', 26),
(142, 44, 37.5202, -122.2758, 'Belmont', 'https://images.unsplash.com/photo-1449824913935-59a10b8d2000', 70),
(143, 44, 37.2969, -121.8193, 'San Jose Eastside', 'https://images.unsplash.com/photo-1449824913935-59a10b8d2000', 97),
(144, 33, 37.2518, -121.8628, 'San Jose Almaden', 'https://images.unsplash.com/photo-1501785888041-af3ef285b470', 65),
(145, 43, 37.2707, -121.9577, 'Los Gatos', 'https://images.unsplash.com/photo-1449824913935-59a10b8d2000', 38),
(146, 46, 37.2358, -121.9624, 'Saratoga', 'https://images.unsplash.com/photo-1501785888041-af3ef285b470', 39),
(147, 18, 37.3192, -122.0297, 'Cupertino Village', 'https://images.unsplash.com/photo-1441986300917-64674bd600d8', 75),
(148, 50, 37.4025, -122.1082, 'Los Altos', 'https://images.unsplash.com/photo-1449824913935-59a10b8d2000', 83),
(149, 6, 37.3944, -122.0819, 'Mountain View Castro', 'https://images.unsplash.com/photo-1449824913935-59a10b8d2000', 22),
(150, 52, 37.4133, -121.9778, 'Milpitas', 'https://images.unsplash.com/photo-1449824913935-59a10b8d2000', 9),
(151, 34, 37.4688, -121.9264, 'Fremont Warm Springs', 'https://images.unsplash.com/photo-1449824913935-59a10b8d2000', 57),
(152, 23, 37.5483, -121.9886, 'Fremont Downtown', 'https://images.unsplash.com/photo-1449824913935-59a10b8d2000', 40),
(153, 46, 37.5022, -121.9445, 'Fremont Central', 'https://images.unsplash.com/photo-1449824913935-59a10b8d2000', 64),
(154, 28, 37.5172, -122.0473, 'Newark', 'https://images.unsplash.com/photo-1449824913935-59a10b8d2000', 86),
-- Oakland / East Bay cluster (155-184)
(155, 37, 37.8044, -122.2697, 'Oakland Downtown', 'https://images.unsplash.com/photo-1449824913935-59a10b8d2000', 31),
(156, 52, 37.8102, -122.2547, 'Oakland Lake Merritt', 'https://images.unsplash.com/photo-1501785888041-af3ef285b470', 44),
(157, 45, 37.8271, -122.2615, 'Oakland Grand Ave', 'https://images.unsplash.com/photo-1449824913935-59a10b8d2000', 79),
(158, 17, 37.8367, -122.2626, 'Oakland Piedmont', 'https://images.unsplash.com/photo-1501785888041-af3ef285b470', 63),
(159, 20, 37.8485, -122.2526, 'Oakland Rockridge', 'https://images.unsplash.com/photo-1449824913935-59a10b8d2000', 80),
(160, 30, 37.8521, -122.2602, 'Oakland Temescal', 'https://images.unsplash.com/photo-1449824913935-59a10b8d2000', 31),
(161, 51, 37.8716, -122.2590, 'Berkeley Downtown', 'https://images.unsplash.com/photo-1449824913935-59a10b8d2000', 18),
(162, 25, 37.8719, -122.2585, 'UC Berkeley', 'https://images.unsplash.com/photo-1562774053-701939374585', 23),
(163, 30, 37.8600, -122.2975, 'Berkeley Marina', 'https://images.unsplash.com/photo-1494412574643-ff11b0a5c1c3', 79),
(164, 32, 37.8799, -122.2688, 'Berkeley North', 'https://images.unsplash.com/photo-1449824913935-59a10b8d2000', 65),
(165, 42, 37.9055, -122.2970, 'Albany', 'https://images.unsplash.com/photo-1449824913935-59a10b8d2000', 69),
(166, 11, 37.9266, -122.3157, 'El Cerrito', 'https://images.unsplash.com/photo-1449824913935-59a10b8d2000', 86),
(167, 16, 37.9375, -122.3458, 'Richmond Downtown', 'https://images.unsplash.com/photo-1449824913935-59a10b8d2000', 39),
(168, 30, 37.9213, -122.3640, 'Point Richmond', 'https://images.unsplash.com/photo-1494412574643-ff11b0a5c1c3', 40),
(169, 50, 37.7415, -122.1809, 'San Leandro', 'https://images.unsplash.com/photo-1449824913935-59a10b8d2000', 90),
(170, 4, 37.6710, -122.0810, 'Hayward', 'https://images.unsplash.com/photo-1449824913935-59a10b8d2000', 19),
(171, 14, 37.6624, -122.0884, 'Cal State East Bay', 'https://images.unsplash.com/photo-1562774053-701939374585', 94),
(172, 51, 37.6393, -122.0452, 'Union City', 'https://images.unsplash.com/photo-1449824913935-59a10b8d2000', 90),
(173, 51, 37.7749, -122.2245, 'Oakland Eastlake', 'https://images.unsplash.com/photo-1449824913935-59a10b8d2000', 90),
(174, 9, 37.7936, -122.2782, 'Oakland Chinatown', 'https://images.unsplash.com/photo-1513635269975-59663e0ac1ad', 45),
(175, 5, 37.7976, -122.2823, 'Oakland Jack London', 'https://images.unsplash.com/photo-1449824913935-59a10b8d2000', 98),
(176, 14, 37.8206, -122.2778, 'Oakland Adams Point', 'https://images.unsplash.com/photo-1449824913935-59a10b8d2000', 65),
(177, 32, 37.8358, -122.2500, 'Oakland Montclair', 'https://images.unsplash.com/photo-1501785888041-af3ef285b470', 2),
(178, 18, 37.8131, -122.2965, 'Emeryville', 'https://images.unsplash.com/photo-1449824913935-59a10b8d2000', 40),
(179, 15, 37.9016, -122.0617, 'Walnut Creek', 'https://images.unsplash.com/photo-1449824913935-59a10b8d2000', 17),
(180, 33, 37.8788, -122.0471, 'Lafayette', 'https://images.unsplash.com/photo-1449824913935-59a10b8d2000', 25),
(181, 36, 37.8534, -122.0311, 'Orinda', 'https://images.unsplash.com/photo-1501785888041-af3ef285b470', 88),
(182, 52, 37.8466, -122.1169, 'Moraga', 'https://images.unsplash.com/photo-1501785888041-af3ef285b470', 17),
(183, 27, 37.9180, -122.1339, 'Pleasant Hill', 'https://images.unsplash.com/photo-1449824913935-59a10b8d2000', 18),
(184, 40, 37.9487, -122.0582, 'Concord', 'https://images.unsplash.com/photo-1449824913935-59a10b8d2000', 40),
-- San Diego cluster (185-214)
(185, 1, 32.7157, -117.1628, 'San Diego Gaslamp', 'https://images.unsplash.com/photo-1538097304804-2a1b932466a9', 80),
(186, 5, 32.7196, -117.1627, 'San Diego Little Italy', 'https://images.unsplash.com/photo-1513635269975-59663e0ac1ad', 61),
(187, 41, 32.7341, -117.1492, 'San Diego Hillcrest', 'https://images.unsplash.com/photo-1449824913935-59a10b8d2000', 73),
(188, 43, 32.7498, -117.1294, 'San Diego North Park', 'https://images.unsplash.com/photo-1449824913935-59a10b8d2000', 99),
(189, 52, 32.7609, -117.0832, 'San Diego Kensington', 'https://images.unsplash.com/photo-1449824913935-59a10b8d2000', 87),
(190, 36, 32.7091, -117.1580, 'San Diego Barrio Logan', 'https://images.unsplash.com/photo-1477959858617-67f85cf4f1df', 58),
(191, 33, 32.7553, -117.2175, 'San Diego Old Town', 'https://images.unsplash.com/photo-1513635269975-59663e0ac1ad', 93),
(192, 34, 32.7508, -117.2542, 'Point Loma', 'https://images.unsplash.com/photo-1494412574643-ff11b0a5c1c3', 33),
(193, 8, 32.7219, -117.2369, 'Shelter Island', 'https://images.unsplash.com/photo-1544551763-46a013bb70d5', 96),
(194, 49, 32.7606, -117.2336, 'Ocean Beach', 'https://images.unsplash.com/photo-1507525428034-b723cf961d3e', 15),
(195, 46, 32.7954, -117.2549, 'Pacific Beach', 'https://images.unsplash.com/photo-1507525428034-b723cf961d3e', 77),
(196, 10, 32.8023, -117.2577, 'Mission Beach', 'https://images.unsplash.com/photo-1507525428034-b723cf961d3e', 71),
(197, 33, 32.7765, -117.2107, 'Mission Bay', 'https://images.unsplash.com/photo-1501785888041-af3ef285b470', 55),
(198, 49, 32.8328, -117.2713, 'La Jolla Shores', 'https://images.unsplash.com/photo-1506953823976-52e1fdc0149a', 4),
(199, 32, 32.8448, -117.2728, 'La Jolla Village', 'https://images.unsplash.com/photo-1449824913935-59a10b8d2000', 37),
(200, 37, 32.8801, -117.2340, 'UCSD Campus', 'https://images.unsplash.com/photo-1562774053-701939374585', 75),
(201, 27, 32.9017, -117.2030, 'Del Mar', 'https://images.unsplash.com/photo-1507525428034-b723cf961d3e', 87),
(202, 34, 32.9595, -117.2653, 'Torrey Pines', 'https://images.unsplash.com/photo-1501785888041-af3ef285b470', 39),
(203, 21, 32.9482, -117.0681, 'Poway', 'https://images.unsplash.com/photo-1501785888041-af3ef285b470', 97),
(204, 5, 32.8312, -117.1536, 'Clairemont', 'https://images.unsplash.com/photo-1449824913935-59a10b8d2000', 26),
(205, 38, 32.8076, -117.1641, 'Linda Vista', 'https://images.unsplash.com/photo-1449824913935-59a10b8d2000', 2),
(206, 44, 32.7738, -117.1702, 'Mission Hills', 'https://images.unsplash.com/photo-1501785888041-af3ef285b470', 5),
(207, 2, 32.7498, -117.1981, 'Middletown', 'https://images.unsplash.com/photo-1449824913935-59a10b8d2000', 18),
(208, 6, 32.7031, -117.1872, 'Coronado Bridge', 'https://images.unsplash.com/photo-1544551763-46a013bb70d5', 96),
(209, 12, 32.6859, -117.1831, 'Coronado', 'https://images.unsplash.com/photo-1507525428034-b723cf961d3e', 62),
(210, 52, 32.6307, -117.0841, 'Chula Vista', 'https://images.unsplash.com/photo-1449824913935-59a10b8d2000', 72),
(211, 44, 32.5782, -117.0581, 'Chula Vista East', 'https://images.unsplash.com/photo-1449824913935-59a10b8d2000', 33),
(212, 24, 33.0198, -117.0931, 'Escondido', 'https://images.unsplash.com/photo-1449824913935-59a10b8d2000', 3),
(213, 17, 33.1434, -117.1661, 'San Marcos', 'https://images.unsplash.com/photo-1449824913935-59a10b8d2000', 21),
(214, 31, 33.1581, -117.3506, 'Carlsbad Village', 'https://images.unsplash.com/photo-1490750967868-88aa4486c946', 34),
-- Sacramento cluster (215-244)
(215, 43, 38.5816, -121.4944, 'Sacramento Downtown', 'https://images.unsplash.com/photo-1555992336-fb0d29498b13', 98),
(216, 45, 38.5775, -121.5016, 'Sacramento Old Town', 'https://images.unsplash.com/photo-1513635269975-59663e0ac1ad', 73),
(217, 39, 38.5682, -121.4855, 'Sacramento Midtown', 'https://images.unsplash.com/photo-1449824913935-59a10b8d2000', 82),
(218, 45, 38.5556, -121.4689, 'Sacramento Land Park', 'https://images.unsplash.com/photo-1501785888041-af3ef285b470', 4),
(219, 48, 38.5417, -121.4956, 'Sacramento Curtis Park', 'https://images.unsplash.com/photo-1449824913935-59a10b8d2000', 13),
(220, 32, 38.5950, -121.5145, 'Sacramento River District', 'https://images.unsplash.com/photo-1494412574643-ff11b0a5c1c3', 26),
(221, 20, 38.5891, -121.4650, 'Sacramento Alkali Flat', 'https://images.unsplash.com/photo-1449824913935-59a10b8d2000', 31),
(222, 38, 38.6046, -121.4339, 'Sacramento Del Paso', 'https://images.unsplash.com/photo-1449824913935-59a10b8d2000', 10),
(223, 21, 38.5664, -121.4095, 'Sacramento East', 'https://images.unsplash.com/photo-1449824913935-59a10b8d2000', 88),
(224, 34, 38.5853, -121.5500, 'West Sacramento', 'https://images.unsplash.com/photo-1449824913935-59a10b8d2000', 95),
(225, 17, 38.6519, -121.5177, 'North Sacramento', 'https://images.unsplash.com/photo-1449824913935-59a10b8d2000', 81),
(226, 40, 38.6543, -121.4524, 'Arden Arcade', 'https://images.unsplash.com/photo-1449824913935-59a10b8d2000', 56),
(227, 30, 38.6780, -121.3500, 'Citrus Heights', 'https://images.unsplash.com/photo-1449824913935-59a10b8d2000', 73),
(228, 1, 38.6415, -121.3824, 'Fair Oaks', 'https://images.unsplash.com/photo-1501785888041-af3ef285b470', 56),
(229, 39, 38.6270, -121.3360, 'Orangevale', 'https://images.unsplash.com/photo-1449824913935-59a10b8d2000', 13),
(230, 5, 38.6857, -121.2714, 'Folsom Downtown', 'https://images.unsplash.com/photo-1449824913935-59a10b8d2000', 60),
(231, 17, 38.6821, -121.1761, 'Folsom Lake', 'https://images.unsplash.com/photo-1501785888041-af3ef285b470', 6),
(232, 50, 38.7340, -121.2387, 'Granite Bay', 'https://images.unsplash.com/photo-1501785888041-af3ef285b470', 97),
(233, 15, 38.7521, -121.2880, 'Roseville Downtown', 'https://images.unsplash.com/photo-1441986300917-64674bd600d8', 50),
(234, 39, 38.7784, -121.2585, 'Roseville West', 'https://images.unsplash.com/photo-1449824913935-59a10b8d2000', 7),
(235, 36, 38.7399, -121.2294, 'Roseville East', 'https://images.unsplash.com/photo-1449824913935-59a10b8d2000', 36),
(236, 51, 38.7997, -121.2325, 'Lincoln', 'https://images.unsplash.com/photo-1449824913935-59a10b8d2000', 22),
(237, 22, 38.5616, -121.5490, 'Davis Downtown', 'https://images.unsplash.com/photo-1449824913935-59a10b8d2000', 92),
(238, 26, 38.5449, -121.7405, 'UC Davis', 'https://images.unsplash.com/photo-1562774053-701939374585', 45),
(239, 18, 38.5046, -121.4433, 'Elk Grove', 'https://images.unsplash.com/photo-1449824913935-59a10b8d2000', 38),
(240, 5, 38.4468, -121.3715, 'Galt', 'https://images.unsplash.com/photo-1500382017468-9049fed747ef', 25),
(241, 10, 38.6679, -121.5849, 'Natomas', 'https://images.unsplash.com/photo-1449824913935-59a10b8d2000', 99),
(242, 42, 38.7591, -121.5356, 'North Natomas', 'https://images.unsplash.com/photo-1449824913935-59a10b8d2000', 2),
(243, 5, 38.6101, -121.3864, 'Rancho Cordova', 'https://images.unsplash.com/photo-1449824913935-59a10b8d2000', 97),
(244, 1, 38.6465, -121.2753, 'Gold River', 'https://images.unsplash.com/photo-1501785888041-af3ef285b470', 55),
-- Additional Bay Area suburban (245-254)
(245, 48, 37.6547, -122.4077, 'South San Francisco', 'https://images.unsplash.com/photo-1449824913935-59a10b8d2000', 25),
(246, 6, 37.6688, -122.4693, 'Daly City Westlake', 'https://images.unsplash.com/photo-1449824913935-59a10b8d2000', 36),
(247, 15, 37.6391, -122.4658, 'Pacifica', 'https://images.unsplash.com/photo-1507525428034-b723cf961d3e', 12),
(248, 11, 37.4852, -122.2364, 'Atherton', 'https://images.unsplash.com/photo-1501785888041-af3ef285b470', 15),
(249, 20, 37.4688, -122.1411, 'Palo Alto Downtown', 'https://images.unsplash.com/photo-1449824913935-59a10b8d2000', 84),
(250, 22, 37.4137, -122.1564, 'Los Altos Hills', 'https://images.unsplash.com/photo-1501785888041-af3ef285b470', 32),
(251, 1, 37.3178, -121.9433, 'Campbell', 'https://images.unsplash.com/photo-1449824913935-59a10b8d2000', 67),
(252, 19, 37.2872, -122.0261, 'Monte Sereno', 'https://images.unsplash.com/photo-1501785888041-af3ef285b470', 89),
(253, 45, 37.6153, -122.3896, 'San Bruno', 'https://images.unsplash.com/photo-1449824913935-59a10b8d2000', 85),
(254, 16, 37.5881, -122.3861, 'Millbrae', 'https://images.unsplash.com/photo-1449824913935-59a10b8d2000', 51);

INSERT INTO comment(pinID, accountID, comment) VALUES
(119, 30, 'Love this hidden gem in Eagle Rock! Great coffee shops and vintage stores everywhere.'),
(213, 29, 'San Marcos has really grown! The university brings so much energy to this area.'),
(154, 37, 'Newark is quietly becoming one of the best places to live in the East Bay.'),
(54, 7, 'Amazing wine tasting experience in Paso Robles! The sunset views are incredible.'),
(180, 31, 'Lafayette has the perfect small-town feel with easy BART access to SF.'),
(198, 20, 'La Jolla Shores is my favorite beach! Perfect for swimming and seal watching.'),
(237, 23, 'Davis is such a bike-friendly college town. Love the farmers market here!'),
(34, 27, 'Nothing beats a Malibu sunset. This spot never disappoints!'),
(178, 19, 'Emeryville has transformed so much - great restaurants and shopping now.'),
(215, 23, 'Sacramento downtown is thriving! So many new restaurants and art galleries.'),
(182, 31, 'Moraga is one of the most peaceful suburbs in the East Bay. Great for families.'),
(118, 17, 'Highland Park is so trendy now! The vintage shops and food scene are amazing.'),
(11, 41, 'The fog in Daly City is no joke, but it gives the place character.'),
(63, 23, 'Mission District has the best burritos in SF, hands down!'),
(46, 37, 'Vallejo waterfront is underrated. Beautiful views and getting better every year.'),
(140, 19, 'San Mateo downtown is really walkable with great restaurants and shops.'),
(66, 26, 'Castro is such an iconic neighborhood with amazing history and culture.'),
(176, 20, 'Adams Point is one of Oakland most beautiful neighborhoods, right by the lake.'),
(32, 2, 'Thousand Oaks offers stunning hiking trails and a peaceful suburban atmosphere.'),
(17, 17, 'Monterey Bay is breathtaking! Perfect for a weekend getaway with the aquarium nearby.'),
(216, 48, 'Old Sacramento is like stepping back in time - great for tourists and history buffs!'),
(108, 23, 'Beverly Hills living up to the hype! Rodeo Drive is worth seeing at least once.'),
(60, 52, 'North Beach has authentic Italian restaurants and amazing sourdough bread.'),
(74, 39, 'Bayview is changing rapidly with new development but keeping its community spirit.'),
(132, 35, 'The new Apple Park is an architectural marvel! Cupertino is tech central.'),
(157, 22, 'Grand Avenue in Oakland has fantastic brunch spots and boutique shops.'),
(96, 49, 'Pasadena Old Town is charming with great architecture and dining options.'),
(51, 9, 'Ukiah vineyards are a hidden treasure in Northern California wine country.'),
(236, 39, 'Lincoln is growing fast but still has that small town charm I love.'),
(208, 48, 'The Coronado Bridge offers the most spectacular views of San Diego Bay!'),
(169, 15, 'San Leandro is quietly becoming one of the East Bay best kept secrets.'),
(151, 36, 'Warm Springs BART station has really sparked development in this part of Fremont.'),
(208, 15, 'Driving over the Coronado Bridge at sunset is absolutely magical.'),
(90, 50, 'Echo Park Lake is beautiful! The lotus flowers in summer are stunning.'),
(163, 42, 'Berkeley Marina has the best views of SF and the Golden Gate Bridge.'),
(231, 11, 'Folsom Lake is perfect for kayaking and hiking! Such a beautiful reservoir.'),
(122, 14, 'Tarzana is a quiet valley neighborhood with easy access to hiking trails.'),
(91, 22, 'Silver Lake has the coolest coffee shops and such a vibrant creative community.'),
(254, 13, 'Millbrae is super convenient with both BART and Caltrain access to SF.'),
(112, 34, 'Koreatown has incredible Korean BBQ and karaoke spots open late!'),
(177, 27, 'Montclair village feels like a small town hidden in the Oakland hills.'),
(237, 24, 'UC Davis campus is gorgeous! The arboretum is perfect for a peaceful walk.'),
(87, 13, 'LA Union Station is an architectural gem! The art deco design is stunning.'),
(69, 1, 'Dolores Park on a sunny day is the most SF experience you can have!'),
(158, 28, 'Piedmont is one of the most beautiful residential areas in the Bay Area.'),
(152, 32, 'Fremont has really diversified with amazing restaurants from around the world.'),
(129, 35, 'Santa Clara University campus is absolutely beautiful with the mission architecture.'),
(230, 49, 'Folsom downtown has great shops and restaurants, plus tons of history.'),
(97, 47, 'CalTech campus is incredible! The scientific innovation happening here is amazing.'),
(35, 30, 'Victorville desert landscapes are otherworldly. Great stargazing spot!');